{
    "train_loss": [
        0.7979981521093645,
        0.46815739475127877,
        0.43382463214878936,
        0.41623848499039146,
        0.4055654357027899,
        0.4058658582052086,
        0.3976897446072222,
        0.38999370626104346,
        0.38608646510027084,
        0.3843585648351347,
        0.3836925836799121,
        0.3855873010305703,
        0.37306307053205406,
        0.3663467269403484,
        0.3676595073409553,
        0.3591203066295144,
        0.35557160403693683,
        0.3507607090215569,
        0.3511542276945875,
        0.3423434362787103,
        0.3363211094495293,
        0.3314299295532067,
        0.32520450469770207,
        0.3284861983453333,
        0.3272555307074778,
        0.32800339278502366,
        0.3147386232022043,
        0.32333757333499924,
        0.32869306416154803,
        0.3228783690446304
    ],
    "train_acc": [
        0.7736251950263977,
        0.8531666994094849,
        0.8609829545021057,
        0.8667794466018677,
        0.8686185479164124,
        0.8699321746826172,
        0.8731670379638672,
        0.8766810894012451,
        0.8767631649971008,
        0.8780767917633057,
        0.8780767917633057,
        0.87799471616745,
        0.8808519244194031,
        0.8830686807632446,
        0.883380651473999,
        0.8852198123931885,
        0.8877321481704712,
        0.8874201774597168,
        0.8881919384002686,
        0.8896862268447876,
        0.8905236721038818,
        0.8919851183891296,
        0.894727349281311,
        0.8929374814033508,
        0.8938077688217163,
        0.8945302963256836,
        0.8977323174476624,
        0.8955811858177185,
        0.8938077688217163,
        0.8970919251441956
    ],
    "train_time": [
        145.6545250415802,
        147.104505777359,
        156.34731912612915,
        163.46863198280334,
        177.20213198661804,
        178.88506197929382,
        176.2195749282837,
        166.51064801216125,
        175.88446068763733,
        173.47701597213745,
        166.67284512519836,
        177.94568610191345,
        166.48270416259766,
        171.32590174674988,
        168.5106008052826,
        171.9357271194458,
        169.28946828842163,
        175.32476210594177,
        174.1095108985901,
        165.95306301116943,
        176.6359748840332,
        182.02173590660095,
        173.69072008132935,
        169.2926149368286,
        181.00008177757263,
        169.6995289325714,
        180.46877479553223,
        165.12585711479187,
        164.95618987083435,
        186.86244988441467
    ],
    "val_loss": [
        0.4044934153556824,
        0.30868300901062184,
        0.2887480124111833,
        0.25176304632219776,
        0.23976155353688647,
        0.22779366920049163,
        0.243937539341806,
        0.248227058703872,
        0.2339163207596746,
        0.2288425103001211,
        0.2359466947152697,
        0.21422585306496456,
        0.198031827841682,
        0.19951844499714072,
        0.20086581595327663,
        0.20725379390278081,
        0.1904619705951077,
        0.19446971173259034,
        0.17436028775812565,
        0.18535538978960323,
        0.18332075845921175,
        0.17861481526117215,
        0.17492294166279934,
        0.17545252471134581,
        0.16839289716605482,
        0.17607338680618112,
        0.169398561167991,
        0.17495646041015098,
        0.17454535121205209,
        0.17243342745578152
    ],
    "val_acc": [
        0.8824138045310974,
        0.9079310297966003,
        0.9095402359962463,
        0.9217241406440735,
        0.9234482645988464,
        0.9266666769981384,
        0.9213793277740479,
        0.9200000166893005,
        0.9221839308738708,
        0.9248275756835938,
        0.9224137663841248,
        0.931149423122406,
        0.9348275661468506,
        0.9359769821166992,
        0.9359769821166992,
        0.9321839213371277,
        0.9377011656761169,
        0.9385057687759399,
        0.9456321597099304,
        0.9409195184707642,
        0.9402298927307129,
        0.9442528486251831,
        0.9443678259849548,
        0.9442528486251831,
        0.9466666579246521,
        0.9447126388549805,
        0.9462068676948547,
        0.9440230131149292,
        0.9431034326553345,
        0.9451724290847778
    ],
    "val_time": [
        30.034860134124756,
        34.32682514190674,
        35.00279688835144,
        38.34942698478699,
        35.52089715003967,
        35.26992893218994,
        35.41935610771179,
        34.469120025634766,
        36.58889579772949,
        34.11004590988159,
        33.757976055145264,
        33.36074614524841,
        34.92915105819702,
        34.38552927970886,
        32.678565979003906,
        36.12211608886719,
        32.82785391807556,
        34.4343421459198,
        33.5586359500885,
        31.895544052124023,
        34.57782292366028,
        36.22101974487305,
        33.618891954422,
        34.89799690246582,
        36.57298517227173,
        32.70410394668579,
        34.61697697639465,
        34.63673210144043,
        37.61228799819946,
        34.218186140060425
    ]
}