{
    "train_loss": [
        3.372497894929981,
        1.4175006963323515,
        0.169545377303072,
        0.06570162885427508,
        0.04342305337543055,
        0.04062724346301881,
        0.026738408243054818,
        0.023448010327067798,
        0.0165616852177508,
        0.017149992735577504,
        0.011045969448022648,
        0.017620962227104735,
        0.009012562188025671,
        0.006842824123265406,
        0.005360957473804827,
        0.005848639794522283,
        0.006109976024596706,
        0.003397691859960885,
        0.003741434055927084,
        0.0019133973549381009,
        0.0015510323303791179,
        0.0017398914452664415,
        0.0014619956142970637,
        0.0012890891151570063,
        0.0009297380070481014,
        0.000973213826641293,
        0.0007526408108622708,
        0.0010842976133993009,
        0.0006795917310331213,
        0.0009078579327515299
    ],
    "train_acc": [
        0.06471370905637741,
        0.5183500647544861,
        0.9454671144485474,
        0.9798026084899902,
        0.986370861530304,
        0.9874218106269836,
        0.9915269613265991,
        0.9923807978630066,
        0.9946304559707642,
        0.994482696056366,
        0.9966666102409363,
        0.9945155382156372,
        0.9970771074295044,
        0.997717559337616,
        0.9984400272369385,
        0.9981280565261841,
        0.9981608986854553,
        0.9988012909889221,
        0.9987684488296509,
        0.9994909763336182,
        0.9995402097702026,
        0.9994745254516602,
        0.9995730519294739,
        0.9995895028114319,
        0.9997044205665588,
        0.9997372627258301,
        0.9997865557670593,
        0.9996715784072876,
        0.9998357892036438,
        0.9997044205665588
    ],
    "train_time": [
        623.8058540821075,
        629.388022184372,
        651.0894181728363,
        656.0009219646454,
        634.2395391464233,
        620.4801371097565,
        621.6782479286194,
        630.7569978237152,
        644.4828758239746,
        626.0526731014252,
        633.9363241195679,
        630.9401369094849,
        625.9285361766815,
        623.12779712677,
        619.3375828266144,
        624.1724388599396,
        621.00905418396,
        621.2759349346161,
        625.3040549755096,
        616.9834349155426,
        618.8263931274414,
        626.1447021961212,
        635.9374301433563,
        629.9853227138519,
        621.4943721294403,
        641.3301079273224,
        629.128191947937,
        621.1554458141327,
        628.6997220516205,
        623.3210179805756
    ],
    "val_loss": [
        5.315294155471626,
        0.801223283197688,
        0.11231852791775232,
        0.19337101075155982,
        0.11495554410178085,
        0.03734450386002146,
        0.012221362430966278,
        0.037105982615344826,
        0.08108105521435024,
        0.005182483062983073,
        0.025682972733830585,
        0.06206935474413565,
        0.0013463722214359661,
        0.0023937758636104222,
        0.002009160793366328,
        0.0037374504532493736,
        0.005560050696648401,
        0.0006960486230606363,
        0.0009147603747661723,
        0.0004462873167927034,
        0.00012345119085160872,
        0.00018220265447623738,
        6.319865668841488e-05,
        7.799596591797743e-05,
        0.00014886790149266118,
        0.00012489359982658965,
        0.00010404225247316651,
        6.706547421386838e-05,
        6.0770432911371684e-05,
        7.824166734050893e-05
    ],
    "val_acc": [
        0.08689655363559723,
        0.747471272945404,
        0.9631034731864929,
        0.9358620643615723,
        0.9621838927268982,
        0.9875862002372742,
        0.9962068796157837,
        0.9878160953521729,
        0.9797701239585876,
        0.998275876045227,
        0.9922988414764404,
        0.980344831943512,
        0.9995402097702026,
        0.9993103742599487,
        0.99908047914505,
        0.9986206889152527,
        0.997586190700531,
        0.999885082244873,
        0.9997701048851013,
        0.999885082244873,
        1.0,
        1.0,
        1.0,
        1.0,
        1.0,
        1.0,
        1.0,
        1.0,
        1.0,
        1.0
    ],
    "val_time": [
        57.67201900482178,
        57.60275197029114,
        56.72864580154419,
        56.21707797050476,
        57.1627299785614,
        55.82929706573486,
        56.50338077545166,
        58.38678503036499,
        58.66703939437866,
        58.04367470741272,
        58.30796790122986,
        58.87464499473572,
        58.12702798843384,
        55.68483901023865,
        55.297329902648926,
        55.372309923172,
        55.64345192909241,
        55.5011990070343,
        56.507112979888916,
        55.51957297325134,
        56.19581890106201,
        57.22816300392151,
        58.088979959487915,
        57.3435697555542,
        56.2520318031311,
        58.30205798149109,
        55.429945945739746,
        55.3947548866272,
        55.68719720840454,
        55.41235113143921
    ]
}