{
    "train_loss": [
        1.7804712420638216,
        0.054607660522017896,
        0.02683817093498559,
        0.016147158126437286,
        0.012779181462405398,
        0.010406014244488336,
        0.010876215837422279,
        0.007741820161325693,
        0.005639147340349887,
        0.008711290313584714,
        0.005452261103790946,
        0.00411112763261632,
        0.0023289608354596972,
        0.0038503835966631076,
        0.002133232768084325,
        0.0021555755171035564,
        0.0022855412235187754,
        0.0014584239127347204,
        0.0011354427356438425,
        0.0011819052401556894,
        0.0007989861533154287,
        0.0010442991620285154,
        0.0008454756892137701,
        0.0004063331309405899,
        0.00031912214972485775,
        0.000386551873759414,
        0.0005291850804419309,
        0.00038852495845908755,
        0.00034958282547177343,
        0.0003728174571902329
    ],
    "train_acc": [
        0.5511913299560547,
        0.9843347072601318,
        0.9919867515563965,
        0.995008111000061,
        0.9962396621704102,
        0.996633768081665,
        0.9964367151260376,
        0.9976847171783447,
        0.998242974281311,
        0.9974219799041748,
        0.9983579516410828,
        0.9988012909889221,
        0.9994416832923889,
        0.9988012909889221,
        0.9993759989738464,
        0.9992774724960327,
        0.9993924498558044,
        0.9995073676109314,
        0.9997044205665588,
        0.9997044205665588,
        0.9997208714485168,
        0.9997044205665588,
        0.9997537136077881,
        0.9999014735221863,
        0.9999179244041443,
        0.999885082244873,
        0.999885082244873,
        0.999868631362915,
        0.9999179244041443,
        0.9999343156814575
    ],
    "train_time": [
        447.35315775871277,
        443.7118489742279,
        452.82059693336487,
        444.31936407089233,
        444.2680938243866,
        448.6788182258606,
        447.60773181915283,
        453.4603672027588,
        440.63669300079346,
        451.6278121471405,
        458.37210488319397,
        441.7747631072998,
        439.6540961265564,
        440.96323919296265,
        439.44178318977356,
        443.37696599960327,
        436.58388805389404,
        433.1190519332886,
        434.84526109695435,
        436.6577100753784,
        444.51941561698914,
        440.81570982933044,
        437.8291971683502,
        438.67113304138184,
        443.9041769504547,
        435.4547369480133,
        444.9802176952362,
        437.8998770713806,
        438.3107509613037,
        436.5333421230316
    ],
    "val_loss": [
        0.09669466300599877,
        0.020229156150043694,
        0.019015569102404446,
        0.009862220884225835,
        0.014077947558299907,
        0.015991127636583374,
        0.015023444199870372,
        0.003726513954842913,
        0.005342138583675541,
        0.005526437263925099,
        0.003140606061266414,
        0.0038633425131268883,
        0.00225185486022383,
        0.0038459096677686978,
        0.0007652747239676657,
        0.0013519538714732418,
        0.0009267717491749717,
        0.0003514338277170606,
        0.00041097871665494925,
        0.00021777764592994134,
        0.00018864646034807652,
        7.067776802290317e-05,
        0.00017140624874094823,
        8.434242520738265e-05,
        0.00015805774908941026,
        8.746002533141224e-05,
        4.7508458474426175e-05,
        4.7410852088453786e-05,
        5.4743666423955693e-05,
        7.166653970556183e-05
    ],
    "val_acc": [
        0.9734482765197754,
        0.9942528605461121,
        0.9947126507759094,
        0.9968965649604797,
        0.9957471489906311,
        0.9955172538757324,
        0.9954022765159607,
        0.9988505840301514,
        0.9986206889152527,
        0.99908047914505,
        0.999195396900177,
        0.9988505840301514,
        0.9994252920150757,
        0.9986206889152527,
        0.999885082244873,
        0.9994252920150757,
        0.9997701048851013,
        0.999885082244873,
        1.0,
        1.0,
        1.0,
        1.0,
        0.999885082244873,
        1.0,
        0.999885082244873,
        1.0,
        1.0,
        1.0,
        1.0,
        1.0
    ],
    "val_time": [
        55.41730809211731,
        55.41963601112366,
        56.25033211708069,
        56.24162983894348,
        54.739495038986206,
        55.40467190742493,
        55.488609075546265,
        55.12045073509216,
        55.341376066207886,
        55.327343225479126,
        55.813657999038696,
        53.99601602554321,
        54.09320116043091,
        54.199836015701294,
        54.24971079826355,
        54.09481501579285,
        54.575209856033325,
        54.077471017837524,
        53.96493911743164,
        55.380321741104126,
        54.30743384361267,
        55.959158182144165,
        54.31591296195984,
        55.89744019508362,
        54.746549129486084,
        54.406777143478394,
        54.92581391334534,
        54.58153295516968,
        54.476210832595825,
        54.4715678691864
    ]
}