{
    "train_loss": [
        0.3606396958722033,
        0.13432301853425468,
        0.10602025403503451,
        0.08674374648987024,
        0.0751872089557632,
        0.07124591441109478,
        0.061880453707109456,
        0.056156038854063006,
        0.05129210172283551,
        0.04872846199244916,
        0.04421158015206081,
        0.04019381426500255,
        0.037518848493579275,
        0.037226580916833486,
        0.0334033399728448,
        0.03278215587481446,
        0.029652052615251712,
        0.028274768309806842,
        0.02614164019380358,
        0.026163246959963415,
        0.022628096419001535,
        0.022142470793596363,
        0.021525679440326358,
        0.022206490480522895,
        0.019729175367793964,
        0.01964767021895131,
        0.0182697024606175,
        0.017091821315085003,
        0.019084496966224933,
        0.01762190306464909
    ],
    "train_acc": [
        0.8878963589668274,
        0.9556150436401367,
        0.9646792411804199,
        0.9711653590202332,
        0.9748271703720093,
        0.9762721657752991,
        0.9793756604194641,
        0.9815596342086792,
        0.9834315776824951,
        0.9838913679122925,
        0.9855498671531677,
        0.9868799448013306,
        0.9874218106269836,
        0.987733781337738,
        0.9890310168266296,
        0.989359438419342,
        0.9905581474304199,
        0.9907552003860474,
        0.9916911721229553,
        0.9911656975746155,
        0.9927749037742615,
        0.992857038974762,
        0.9933332204818726,
        0.992709219455719,
        0.9937273263931274,
        0.9936944842338562,
        0.994219958782196,
        0.9945483207702637,
        0.9938586950302124,
        0.9942856431007385
    ],
    "train_time": [
        147.39283990859985,
        146.914076089859,
        149.04000401496887,
        152.92839407920837,
        169.6571910381317,
        176.13858914375305,
        172.7236979007721,
        174.92614006996155,
        198.36099314689636,
        206.04141211509705,
        194.56068587303162,
        203.27422904968262,
        205.22373604774475,
        200.94736289978027,
        204.60540318489075,
        183.18681120872498,
        192.90558099746704,
        192.43827509880066,
        189.7509000301361,
        193.02248001098633,
        197.21901178359985,
        200.88451504707336,
        185.8855481147766,
        194.75944805145264,
        195.79154896736145,
        193.5292911529541,
        207.66564679145813,
        197.73671078681946,
        205.05171704292297,
        205.89885687828064
    ],
    "val_loss": [
        0.09967324676527374,
        0.059045967336358696,
        0.056929223712148334,
        0.04613726568119279,
        0.02971110642127607,
        0.0284792347397955,
        0.02867290174224596,
        0.02727641072252701,
        0.027645137040265676,
        0.022509063183404933,
        0.020246271434529076,
        0.02193088302410197,
        0.016594446778896897,
        0.015778892038968102,
        0.013704303330046007,
        0.016375499688003257,
        0.014874479518882159,
        0.012172276925338411,
        0.010620408965082003,
        0.010943778017856952,
        0.010511542799743428,
        0.008629673961121803,
        0.010218147909718341,
        0.009802431978884784,
        0.008630041133012922,
        0.009021571838222015,
        0.008451072476247604,
        0.008135769904815945,
        0.007968983889782223,
        0.008103634783805444
    ],
    "val_acc": [
        0.9688505530357361,
        0.9797701239585876,
        0.9805747270584106,
        0.9842528700828552,
        0.9913793206214905,
        0.9913793206214905,
        0.9908046126365662,
        0.9912643432617188,
        0.9908046126365662,
        0.9927586317062378,
        0.9932183623313904,
        0.9919540286064148,
        0.9940229654312134,
        0.9951724410057068,
        0.9951724410057068,
        0.9940229654312134,
        0.9944827556610107,
        0.9958620667457581,
        0.9960919618606567,
        0.9958620667457581,
        0.995976984500885,
        0.9973562955856323,
        0.9965517520904541,
        0.9963218569755554,
        0.9970114827156067,
        0.9964367747306824,
        0.9968965649604797,
        0.9970114827156067,
        0.9972413778305054,
        0.9972413778305054
    ],
    "val_time": [
        29.688059329986572,
        30.01295018196106,
        35.87020492553711,
        37.725635051727295,
        34.212578773498535,
        43.58478379249573,
        42.53465914726257,
        41.60348725318909,
        51.80926322937012,
        46.82970213890076,
        48.62249183654785,
        51.8837571144104,
        57.7076997756958,
        49.17304801940918,
        42.21441197395325,
        48.092854022979736,
        45.79769992828369,
        47.07524800300598,
        44.35264706611633,
        44.357120990753174,
        45.74547100067139,
        48.49963688850403,
        46.32784986495972,
        43.38982105255127,
        62.89541721343994,
        54.66582202911377,
        49.2407751083374,
        52.676470041275024,
        47.508238077163696,
        47.04528570175171
    ]
}