{
    "train_loss": [
        4.473236389642795,
        0.8067535037495146,
        0.6501919060143428,
        0.5787826188062924,
        0.5298898775657137,
        0.4978428375861134,
        0.45811624774130444,
        0.4297679839470866,
        0.41051042365327833,
        0.40200605333917266,
        0.38423067378147074,
        0.37216167039347703,
        0.3511360934622235,
        0.34215132052979563,
        0.3367161215688621,
        0.3282814393970547,
        0.3061809958433893,
        0.30382480786442534,
        0.29379460854347034,
        0.29000053280002663,
        0.2789126867634723,
        0.2698217162736682,
        0.2656923312679214,
        0.26029030210584364,
        0.26023216227954316,
        0.2556204623656429,
        0.2509617678875285,
        0.24989382235545313,
        0.248760403905624,
        0.2454399271890971
    ],
    "train_acc": [
        0.46793872117996216,
        0.7731654047966003,
        0.8078950643539429,
        0.8244305849075317,
        0.8356951475143433,
        0.8442503213882446,
        0.8555969595909119,
        0.8652523159980774,
        0.8693410158157349,
        0.8714921474456787,
        0.8774035573005676,
        0.8804742097854614,
        0.8885860443115234,
        0.8902116417884827,
        0.8929867744445801,
        0.8947930335998535,
        0.9025928378105164,
        0.9036437273025513,
        0.9078145623207092,
        0.9080772995948792,
        0.9121496081352234,
        0.9158607125282288,
        0.9173385500907898,
        0.9193090200424194,
        0.9196374416351318,
        0.9215586185455322,
        0.9250562191009521,
        0.9245308041572571,
        0.9252368807792664,
        0.9251055121421814
    ],
    "train_time": [
        325.230318069458,
        335.1908118724823,
        339.0109009742737,
        340.8669638633728,
        337.6189970970154,
        337.6080939769745,
        331.0507311820984,
        329.02665305137634,
        329.5270879268646,
        329.5013020038605,
        328.95825600624084,
        329.4359710216522,
        332.32555389404297,
        337.1264908313751,
        328.9274480342865,
        329.07761001586914,
        328.7509367465973,
        329.2137989997864,
        329.50826692581177,
        328.92480731010437,
        329.2257790565491,
        332.8439040184021,
        328.57417011260986,
        328.36701107025146,
        328.3010060787201,
        328.5742299556732,
        328.6996657848358,
        329.29266929626465,
        328.9338240623474,
        328.3948471546173
    ],
    "val_loss": [
        0.8916094624585119,
        0.6823599286737113,
        0.5521787095069886,
        0.4880309367042848,
        0.4453411274668814,
        0.4572521104072702,
        0.3959715283876178,
        0.44494760040579173,
        0.3454508912700346,
        0.43647219470177573,
        0.35498875679640934,
        0.35669801971008036,
        0.2978458981952448,
        0.2965959612665505,
        0.30116295128033077,
        0.31298490755859465,
        0.28420305058873935,
        0.2556518273518003,
        0.2664740244410504,
        0.24036924270377763,
        0.2336313241309133,
        0.229809055068027,
        0.22983177154228604,
        0.23615451960728087,
        0.23187593337448165,
        0.22521516549176182,
        0.2223846792626655,
        0.22093935710260237,
        0.2207208170630466,
        0.21918498534580758
    ],
    "val_acc": [
        0.7535632252693176,
        0.7998850345611572,
        0.836091935634613,
        0.8513793349266052,
        0.8625287413597107,
        0.8572413921356201,
        0.8749425411224365,
        0.8566666841506958,
        0.8932183980941772,
        0.8500000238418579,
        0.8832184076309204,
        0.8880459666252136,
        0.9035632014274597,
        0.9072414040565491,
        0.9035632014274597,
        0.8996551632881165,
        0.9100000262260437,
        0.9212643504142761,
        0.9144827723503113,
        0.9251723885536194,
        0.9278160929679871,
        0.9298850297927856,
        0.928735613822937,
        0.9273563027381897,
        0.9286206960678101,
        0.9305747151374817,
        0.931954026222229,
        0.9334482550621033,
        0.9331034421920776,
        0.933678150177002
    ],
    "val_time": [
        53.367377042770386,
        54.6298508644104,
        55.625178813934326,
        55.393807888031006,
        53.90009379386902,
        55.144570112228394,
        54.04967021942139,
        54.029547691345215,
        53.84470295906067,
        53.97021818161011,
        54.22460198402405,
        53.899953842163086,
        55.35874319076538,
        53.96543002128601,
        54.215620279312134,
        54.11714291572571,
        54.05444574356079,
        54.69513177871704,
        53.96237111091614,
        54.07565212249756,
        54.116466999053955,
        54.01115608215332,
        54.11015701293945,
        53.91787600517273,
        54.15111780166626,
        54.0662739276886,
        53.971611976623535,
        53.95517110824585,
        54.04224181175232,
        54.003894090652466
    ]
}