{
    "train_loss": [
        3.432555501056885,
        0.7556717606702206,
        0.6277089017412636,
        0.5452609994327923,
        0.49908401158326215,
        0.48311243447633556,
        0.4464696843991458,
        0.4171014562970764,
        0.3995372172653715,
        0.3817337705299407,
        0.36406639080180403,
        0.3513400780458549,
        0.3455490418244987,
        0.32583961256478355,
        0.3249044845907435,
        0.30377442347212363,
        0.3023243210834792,
        0.2875689757318731,
        0.27725917541880324,
        0.2735677753339039,
        0.26560510735084736,
        0.2595006080975029,
        0.25025464977738926,
        0.24840796868681397,
        0.245058627841637,
        0.23893549709307815,
        0.234980831461553,
        0.23491557031749014,
        0.2319185980177311,
        0.2311514256736986
    ],
    "train_acc": [
        0.5142449140548706,
        0.7816877365112305,
        0.8085354566574097,
        0.8322960734367371,
        0.8445130586624146,
        0.8451862931251526,
        0.8572883009910583,
        0.867222785949707,
        0.8723624348640442,
        0.8767795562744141,
        0.8832821846008301,
        0.8867961764335632,
        0.8882247805595398,
        0.8945959806442261,
        0.8938734531402588,
        0.9029868841171265,
        0.9021494388580322,
        0.9071084856987,
        0.9113286137580872,
        0.9137917160987854,
        0.9167309999465942,
        0.9184879660606384,
        0.9227737784385681,
        0.923036515712738,
        0.9244158267974854,
        0.9262056946754456,
        0.9286359548568726,
        0.9280447959899902,
        0.9283732175827026,
        0.9306392669677734
    ],
    "train_time": [
        325.126984834671,
        327.69214510917664,
        329.7718060016632,
        329.57664823532104,
        328.40637397766113,
        328.50900197029114,
        329.2403938770294,
        328.6298408508301,
        328.431823015213,
        331.0537848472595,
        334.50322103500366,
        328.9001841545105,
        328.72650599479675,
        328.7543001174927,
        328.883985042572,
        329.47499537467957,
        329.1804919242859,
        328.8283350467682,
        329.05903816223145,
        333.79193091392517,
        329.07357716560364,
        329.06200909614563,
        329.229740858078,
        329.2222409248352,
        328.78833770751953,
        329.7360420227051,
        329.4019877910614,
        328.9434459209442,
        334.307124376297,
        329.18200492858887
    ],
    "val_loss": [
        0.8603754740199824,
        0.6181572680089665,
        0.5874215456261032,
        0.45529314010992816,
        0.4464321252258345,
        0.5013699958516263,
        0.36217927906705044,
        0.35673628687858583,
        0.33422659949324596,
        0.3379050784001405,
        0.3388892319010592,
        0.35846324101261706,
        0.27881485919842774,
        0.3403534826739081,
        0.3445691886304439,
        0.2616566199954899,
        0.25823198957004767,
        0.26114029011507145,
        0.23581359245311254,
        0.22110452178565934,
        0.22358834080312445,
        0.2529592701621439,
        0.21182606015397215,
        0.210363846941926,
        0.21676104796343837,
        0.21684899193802099,
        0.20867995227890454,
        0.2109900384524773,
        0.21452294592199656,
        0.21100276986757915
    ],
    "val_acc": [
        0.7545977234840393,
        0.818965494632721,
        0.8103448152542114,
        0.8601149320602417,
        0.8548275828361511,
        0.8345977067947388,
        0.8866666555404663,
        0.8889654874801636,
        0.8921838998794556,
        0.8895402550697327,
        0.8897700905799866,
        0.8766666650772095,
        0.9096551537513733,
        0.8871264457702637,
        0.8798850774765015,
        0.9163218140602112,
        0.9168965220451355,
        0.9163218140602112,
        0.9236781597137451,
        0.9298850297927856,
        0.9291954040527344,
        0.9180459976196289,
        0.9325287342071533,
        0.9329885244369507,
        0.9333333373069763,
        0.9345977306365967,
        0.9349425435066223,
        0.9340229630470276,
        0.9331034421920776,
        0.933563232421875
    ],
    "val_time": [
        53.6465950012207,
        54.30918908119202,
        54.37264108657837,
        54.12216401100159,
        54.332319259643555,
        54.31101608276367,
        54.34347629547119,
        54.42719101905823,
        54.375909090042114,
        54.972261905670166,
        55.029101848602295,
        54.161829233169556,
        54.342548847198486,
        54.35591220855713,
        54.12496900558472,
        54.34400701522827,
        54.3822820186615,
        54.40411591529846,
        54.50866508483887,
        54.26987910270691,
        54.424365758895874,
        54.5180778503418,
        54.36470413208008,
        54.42106008529663,
        54.35065293312073,
        54.344229221343994,
        54.42878699302673,
        54.29096603393555,
        54.38338303565979,
        54.34710121154785
    ]
}