{
    "train_loss": [
        0.22860192468685908,
        0.0604809331487668,
        0.03612810541834079,
        0.030995625998451626,
        0.029749983126201952,
        0.02294124305798285,
        0.021074245801160726,
        0.019014717253915805,
        0.014946900020686743,
        0.01403707060480883,
        0.012638206273688281,
        0.009698817046502262,
        0.009845077402097066,
        0.007124097798113913,
        0.009034727319850108,
        0.006908140605076905,
        0.005152456941536722,
        0.004540306385374992,
        0.004489861882307975,
        0.004350409287388591,
        0.004099153045495965,
        0.003274529287069515,
        0.002398677352220147,
        0.0026469373729438245,
        0.002166405347807554,
        0.0016882186988859914,
        0.0018819304319369979,
        0.0018910812042277599,
        0.0018404699863602868,
        0.001698684156708029
    ],
    "train_acc": [
        0.9275357723236084,
        0.9800489544868469,
        0.9876352548599243,
        0.989605724811554,
        0.9904596209526062,
        0.9921509623527527,
        0.993398904800415,
        0.9938586950302124,
        0.9949095845222473,
        0.995270848274231,
        0.9959769248962402,
        0.9970607161521912,
        0.9968143701553345,
        0.997586190700531,
        0.9971592426300049,
        0.9979638457298279,
        0.9985550045967102,
        0.9985878467559814,
        0.9986206889152527,
        0.9986863732337952,
        0.9986535310745239,
        0.9989490509033203,
        0.9992117881774902,
        0.9991625547409058,
        0.9993431568145752,
        0.9994745254516602,
        0.9994252920150757,
        0.9994088411331177,
        0.9993924498558044,
        0.9993759989738464
    ],
    "train_time": [
        162.66836190223694,
        163.43625402450562,
        164.22039008140564,
        222.93119621276855,
        189.67047095298767,
        253.35874819755554,
        214.60109114646912,
        193.47956919670105,
        189.6193790435791,
        212.5441551208496,
        204.06552004814148,
        205.2917127609253,
        250.857901096344,
        216.00772190093994,
        197.64441990852356,
        219.35771369934082,
        217.56543397903442,
        234.43915390968323,
        270.47269678115845,
        213.89835691452026,
        194.67602491378784,
        226.47037267684937,
        194.3765480518341,
        186.88412070274353,
        232.33068895339966,
        244.8728528022766,
        253.6221420764923,
        289.6872591972351,
        321.8954839706421,
        224.13283133506775
    ],
    "val_loss": [
        0.05359682820651723,
        0.024346532399027513,
        0.028545913747672378,
        0.015214658285780199,
        0.014941766315150535,
        0.007869371015353706,
        0.00863549655752963,
        0.004142705490705611,
        0.007988401834649602,
        0.006042302966374776,
        0.0086188913410765,
        0.002482839077282911,
        0.0024672147044751407,
        0.0029683945591336696,
        0.00253502428060633,
        0.003714624552976811,
        0.0012582941985978134,
        0.002256340200573891,
        0.0017105985805392265,
        0.0005713359543775348,
        0.001042072281653554,
        0.0006836903398460441,
        0.0011643530505484549,
        0.0003053756414687839,
        0.00026095980928204525,
        0.00036120720384321336,
        0.00022464948894332923,
        0.00021360006887230208,
        0.00021019420221223142,
        0.00020256954772483515
    ],
    "val_acc": [
        0.9816091656684875,
        0.9912643432617188,
        0.9910345077514648,
        0.9940229654312134,
        0.9954022765159607,
        0.997471272945404,
        0.9965517520904541,
        0.9986206889152527,
        0.997471272945404,
        0.9977011680603027,
        0.997586190700531,
        0.999195396900177,
        0.9993103742599487,
        0.9987356066703796,
        0.99908047914505,
        0.99908047914505,
        0.9995402097702026,
        0.9994252920150757,
        0.9994252920150757,
        0.999885082244873,
        0.9996551871299744,
        0.9996551871299744,
        0.9995402097702026,
        0.999885082244873,
        0.999885082244873,
        0.9997701048851013,
        1.0,
        1.0,
        1.0,
        1.0
    ],
    "val_time": [
        30.26509380340576,
        30.584787130355835,
        35.91690707206726,
        38.507025957107544,
        44.72374606132507,
        50.618120193481445,
        48.24864602088928,
        44.99263095855713,
        51.753010988235474,
        49.716350078582764,
        50.27500295639038,
        72.83698201179504,
        61.646653175354004,
        49.11578989028931,
        53.92526578903198,
        59.07568168640137,
        60.71457505226135,
        48.98922395706177,
        57.1325159072876,
        52.363457918167114,
        52.5688111782074,
        47.3629150390625,
        46.82208013534546,
        46.92744517326355,
        62.39589309692383,
        63.26887798309326,
        69.25121998786926,
        63.689064741134644,
        60.358142137527466,
        55.62490510940552
    ]
}